LANGID	CODE	Language (Wikipedia Link)	Pass0 #utt	MCD	Pass1 #utt	MCD	Duration	RFS #utt	base	rfs
ABIWBT	abi	Abidji	4482	7.75	10538	6.27	16:18:58	2000	5.09	4.94
AC1IBS	ace	Aceh	6674	7.71	12881	6.51	23:46:27	2000	5.42	5.31
ACCIBS	acr	Achi de Cubulco	11121	7.07	15777	6.15	18:04:57	2000	5.15	4.94
ACDWBT	acd	Gikyode	1901	8.16	14091	7.73	27:39:10	2000	5.99	5.78
ACHBSU	ach	Acholi	7128	7.35	8287	6.80	14:40:52	2000	5.73	5.60
ACMAS3	acm	العربية	671	8.38	1373	8.29	03:48:00	1168	8.38	8.08
ACNBSM	acn	Ngochang	8645	6.91	12382	6.14	24:17:44	2000	5.38	5.27
ACRWB1	quc	Achí	9593	7.82	16029	6.56	23:02:50	2000	5.46	5.31
ACRWBT	quc	Achí	9670	7.96	12005	7.62	21:28:24	2000	5.79	5.65
ACUTBL	acu	Achuar-Shiwiar	18494	6.32	21189	6.24	32:42:58	2000	4.44	4.34
ADETBL	ade	Adele	2470	7.86	10633	6.88	22:41:41	2000	6.08	5.86
ADHBSU	adh	Dhopadhola	7815	7.32	11378	6.52	19:38:51	2000	5.59	5.37
ADJWBT	adj	Adioukrou	2505	8.59	4273	7.42	06:43:23	2000	6.69	6.41
AEUWBT	aeu	Akeu	6711	7.39	10600	6.94	23:29:49	2000	4.32	4.22
AGNWPS	agn	Agutaynen	11718	7.09	14433	6.08	24:30:40	2000	4.94	4.83
AGRTBL	agr	Awajun	12266	6.81	14331	6.43	26:12:32	2000	5.35	5.24
AGUNVS	agu	Aguacateco	16911	6.40	18461	5.81	22:32:02	2000	4.78	4.64
AHKTBS	ahk	Akha	2389	7.49	10973	6.98	21:42:30	2000	5.53	5.39
AIAWYI	aia	Arosi	11276	6.69	13896	5.59	23:35:33	2000	4.53	4.44
AK1BSG	aka	Akan: Akuapem	7628	8.00	8364	7.81	14:30:19	2000	5.54	5.38
AKEBSS	ake	Akawaio	3470	9.63	11303	8.34	23:40:25	2000	7.17	6.94
AKPWBT	akp	Siwu	2573	7.70	10721	6.33	18:53:34	2000	5.78	5.58
ALJOMF	alj	Alangan	12366	6.31	13959	5.93	22:53:23	2000	5.09	4.98
ALPWBT	alp	Alune	9737	6.92	11048	6.30	18:25:45	2000	5.36	5.22
ALSBSA	alb	Shqip	1545	8.22	5060	6.98	08:27:54	2000	5.93	5.73
ALSBSA	sqi	Shqip	1545	8.22	5060	6.98	08:27:54	2000	5.93	5.73
ALTIBT	alt	Altai, Southern	624	7.86	4969	7.16	09:23:27	2000	5.32	5.19
ALZBSU	alz	Alur	7369	7.90	11897	7.31	20:25:33	2000	6.28	5.99
AMFSIM	amf	Banna	9955	6.78	10292	6.49	17:18:36	2000	5.48	5.31
AMKWBT	amk	Ambai	11848	nan	13194	5.42	31:22:37	2000	4.50	4.42
ANNWBT	ann	Obolo	4593	8.40	3555	8.47	09:22:14	2000	7.80	7.49
ANVWBT	anv	Denya	1380	7.70	6813	6.66	14:19:13	2000	6.08	5.84
APDAS2	apd	العربية	623	7.79	2475	8.03	06:18:51	2000	7.69	7.36
APRWBT	apr	Arop-Lokep	13084	6.13	14944	6.21	30:52:28	2000	4.52	4.41
ARBIBS	arb	العربية	520	8.44	2225	7.91	06:00:54	1892	7.76	7.45
ARZVDV	arz	العربية	644	8.14	7217	7.36	16:25:54	2000	6.32	6.14
ATGWYI	atg	Okphela	4006	8.25	8144	7.66	16:29:48	2000	5.55	5.39
ATQLAI	atq	Aralle-Tabulahan	12761	6.45	13147	6.66	30:26:18	2000	5.41	5.29
AVAIBT	ava	Avar	1181	7.23	6815	6.00	13:08:45	2000	5.03	4.90
AVNWBT	avn	Sideme	3767	6.78	11528	6.33	23:52:43	2000	5.43	5.29
AVUWBT	avu	Avokaya	1417	7.38	8718	6.89	24:44:17	2000	5.92	5.75
AWAWTC	awa	Awadhi	6570	7.62	5998	7.37	17:49:56	2000	6.64	6.45
AWBTBL	awb	Awa for Papua New Guinea	4480	7.74	7769	7.78	18:25:40	2000	6.85	6.62
AYMBSB	ayr	Aymara, Central	6073	7.50	8048	7.33	16:18:31	2000	5.96	5.83
AYMSBU	ayr	Aymara, Central	4750	7.64	10920	7.18	18:37:02	2000	5.78	5.58
AZEBSA	azj	Azərbaycan, Şimali	1631	8.31	5325	6.84	08:04:28	2000	6.15	5.95
AZGTBL	azg	San Pedro Amuzgo	6503	7.13	7243	7.23	21:36:17	2000	7.04	6.84
AZZTBL	azz	Nahuatl, Highland Puebla	12158	6.59	17172	6.08	36:43:32	2000	5.05	4.94
BAKIBT	bak	Bashkir	1091	7.34	8999	6.00	14:46:01	2000	4.95	4.82
BAMLSB	bam	Bambara	4307	8.21	8870	7.51	12:06:45	2000	6.06	5.88
BANIBS	ban	Balinese	13172	6.62	14666	6.42	32:14:51	2000	4.63	4.53
BAVWBT	bav	Babungo	2891	7.50	8188	6.68	15:03:19	2000	5.86	5.67
BBABSB	bba	Bariba	3780	8.05	10694	7.22	15:38:23	2000	6.04	5.79
BBOBSB	bbo	Bobo Madaré, Northern	6983	8.12	7567	8.13	13:56:57	2000	7.43	7.06
BCLBPV	bcl	Bicolano, Central	8451	7.05	12685	6.46	19:39:05	2000	5.43	5.30
BCWWBT	bcw	Bana	1442	8.49	7697	7.19	11:52:01	2000	5.94	5.77
BEHWBT	beh	Biali	6072	8.03	9338	7.60	14:38:16	2000	5.94	5.67
BEPLAI	bep	Behoa	10907	6.76	11848	6.36	22:11:26	2000	5.04	4.92
BEXWBT	bex	Jur Modo	2873	7.33	8662	6.74	16:38:14	2000	5.70	5.46
BFABSS	bfa	Bari	8899	5.50	11334	5.20	22:27:17	2000	4.56	4.46
BFDWBT	bfd	Bafut	624	7.72	7435	7.34	17:49:18	2000	6.12	5.95
BFOBSB	bfo	Birifor, Northern	3073	8.11	8891	6.48	15:07:02	2000	5.60	5.38
BGRBBS	bgr	Bawm	9792	7.30	10870	6.79	20:46:49	2000	5.71	5.57
BHZLAI	bhz	Bada	10848	6.26	13033	5.38	21:52:11	2000	4.46	4.37
BIBWBT	bib	Bissa	1465	9.04	6247	7.70	09:38:14	2000	6.55	6.22
BIMWBT	bim	Bimoba	5557	7.98	9576	7.01	16:31:29	2000	5.99	5.80
BISBSP	bis	Bislama	12026	7.34	12458	6.67	26:29:20	2000	5.58	5.38
BIVWBT	biv	Birifor, Southern	1257	8.65	7692	7.56	12:57:27	2000	6.70	6.41
BJVWYI	bjv	Nangnda	1402	8.14	6711	7.03	10:49:30	2000	6.06	5.84
BKVWYI	bkv	Bekwarra	8344	7.74	11999	7.31	19:36:59	2000	5.89	5.67
BLTEPI	blt	Tai Dam	2016	6.44	8933	5.59	17:18:11	2000	4.97	4.86
BLZLAI	blz	Balantak	10864	6.35	13459	6.08	23:19:10	2000	4.83	4.74
BMQBSM	bmq	Boomu	6755	8.06	9267	7.05	14:19:55	2000	6.04	5.89
BMVCAB	bmv	Bum	4418	7.38	9206	6.41	18:10:38	2000	5.78	5.55
BNGBBS	ben	Bengali	1564	7.99	954	8.14	03:07:41	812	8.07	7.77
BNGCLV	ben	Bengali	2106	7.72	1013	8.09	03:29:08	862	8.03	7.81
BNGWTC	ben	Bengali	4574	7.93	3918	8.06	16:27:59	2000	7.73	7.49
BOATBL	boa	Bora	5014	6.53	12841	5.80	26:22:01	2000	4.70	4.62
BOJWBT	boj	Anjam	11983	6.78	20806	6.22	30:54:55	2000	4.95	4.84
BOVWBT	bov	Tuwuli	3608	7.33	10337	6.23	18:17:40	2000	5.45	5.27
BOXWYI	box	Buamu	5206	8.36	9817	8.12	17:11:37	2000	6.79	6.52
BPRWYI	bpr	Koronadal Blaan	8124	6.91	10094	6.39	17:29:34	2000	5.64	5.44
BPSWPS	bps	Sarangani Blaan	6269	7.05	11705	6.48	22:03:52	2000	5.48	5.35
BQCSIM	bqc	Boo	1913	7.73	6015	6.95	07:23:32	2000	5.95	5.74
BQJATB	bqj	Bandial	9857	7.72	11458	6.99	20:20:29	2000	5.64	5.41
BQPSIM	bqp	Bisã	4389	7.66	10570	6.69	14:17:39	2000	5.60	5.36
BRUNXB	bru	Bru Eastern	4682	7.57	17964	6.34	25:17:49	2000	5.28	4.99
BSSWBT	bss	Akoose	993	8.48	8366	7.24	13:50:56	2000	5.98	5.78
BTDLAI	btd	Bahasa Pakpak Dairi	7175	7.41	10744	6.11	17:15:49	2000	5.17	5.01
BTSLAI	bts	Batak Simalungun	11003	6.99	12407	6.41	22:59:18	2000	5.60	5.42
BTTPDT	btt	Bete-Bendi	10200	9.30	10783	9.10	20:01:47	2000	7.26	6.94
BTXLAI	btx	Batak Karo	12568	6.22	13545	6.17	22:01:33	2000	5.24	5.09
BUDIBS	bud	Bassar Ntcham	1178	9.02	4044	8.79	08:26:50	2000	7.65	7.27
BUSSIM	bus	Bokobaru	3639	7.82	10506	6.87	14:13:44	2000	5.47	5.20
BWQBSB	bwq	Bobo Madare, Southern	2488	8.21	9744	7.62	15:18:05	2000	6.60	6.29
BWUTBL	bwu	Buli	9307	7.48	11769	7.31	24:56:07	2000	6.11	5.86
BZHPNG	bzh	Buang, Central	7775	6.50	13537	5.76	23:48:20	2000	4.88	4.77
BZJBSW	bzj	Belize Kriol	9575	7.51	11234	6.75	17:44:34	2000	5.88	5.76
CA1WBT	cak	Cakchiquel, South Central	9281	6.67	13630	6.14	27:50:24	2000	5.14	5.07
CAAWBT	caa	Chorti	9052	6.68	12675	6.42	31:51:53	2000	5.04	4.95
CABNVS	cab	Garifuna	6274	7.37	7769	7.14	15:00:23	2000	6.20	6.01
CACSBG	cac	Chuj, San Sebastian	15309	7.64	15220	7.46	24:16:28	2000	5.72	5.53
CAKSBG	cak	Cakchiquel, Central	6660	6.96	14210	nan	23:10:01	2000	7.07	6.87
CAPSBB	cap	Chipaya	3893	7.11	11111	6.55	22:05:33	2000	5.60	5.46
CARBSS	car	Carib	16578	7.52	15369	7.30	23:59:01	2000	5.59	5.41
CAXSBB	cax	Chiquitano	5360	7.64	7678	7.34	15:31:43	2000	6.15	5.98
CBSBSP	cbs	Junikuin	11501	6.69	14158	6.40	33:44:38	2000	5.43	5.25
CBTTBL	cbt	Shawi	11796	7.79	10238	8.02	17:41:08	2000	7.42	7.19
CBVTBL	cbv	Cacua	3429	7.61	4131	7.61	07:38:35	2000	6.85	6.57
CCESBM	cce	Txitxopi	11196	6.62	12202	6.28	23:36:48	2000	5.45	5.33
CEBRPV	ceb	Cebuano	10332	7.46	11975	6.91	21:50:07	2000	6.00	5.83
CEGNTP	ceg	Chamacoco	6851	7.80	15943	6.53	22:26:44	2000	5.47	5.34
CGCTBL	cgc	Kagayanen	9660	6.94	13186	6.15	24:36:00	2000	5.36	5.24
CHEIBT	che	Chechen	459	7.46	2527	7.08	04:46:25	2000	6.88	6.65
CHNUN1	cmn	中文	1968	8.42	2571	7.67	05:50:31	2000	7.49	7.14
CHVIBT	chv	Chuvash	2119	7.45	578	7.30	01:03:03	491	7.00	6.79
CHZWBT	chz	Chinantec de Ozumacin	640	8.02	3768	7.67	06:29:43	2000	7.11	6.82
CJPTJV	cjp	Cabecar	4676	7.41	11428	6.18	16:24:32	2000	5.23	5.12
CK1WBT	cak	Cakchiquel Santo Domingo Xenacoj	10334	6.35	13876	5.48	26:40:16	2000	4.93	4.82
CKIWBT	cak	Cakchiquel, Santa Maria de Jesus	6767	7.32	13796	6.80	22:49:38	2000	5.19	5.09
CKKWBT	cak	Cakchiquel, Yepocapa	6759	7.36	13024	7.02	25:39:29	2000	5.16	5.07
CKOGIL	cko	Anufo	4321	7.90	8969	6.93	18:02:31	2000	6.21	5.95
CKWNVS	cak	Cakchiquel, Western	4816	7.93	6771	7.93	18:33:00	2000	6.81	6.65
CLETBL	cle	Chinanteco de San Juan Lealao	1153	7.42	7294	6.59	11:48:49	2000	5.48	5.30
CMEWBT	cme	Cerma	5148	8.23	8869	8.46	16:32:35	2000	7.73	7.35
CMOWBT	cmo	Bunong	2552	6.97	8358	6.04	16:21:40	2000	4.44	4.34
CMRWBT	cmr	Chin, Mro-Khimi	5388	8.31	12993	7.35	23:23:02	2000	5.55	5.38
CNHBSM	cme	Chin, Haka	10721	6.55	12285	6.06	21:45:58	2000	5.30	5.12
CNIWBT	cni	Ashaninca	16429	7.43	13782	7.76	23:23:04	2000	6.83	6.51
CNKBSM	cnk	Chin, Matu	9309	7.13	11771	6.20	21:47:51	2000	5.21	5.11
CNLTBL	cnl	Chinanteco de San Juan Lalana	2419	8.05	11633	7.44	14:19:30	2000	5.90	5.68
CNMRGB	cac	Chuj, San Mateo Ixtatan	7479	7.22	16210	6.74	21:58:17	2000	5.07	5.00
CNTTBL	cnt	Chinanteco de Tepetotutla	676	7.98	3399	7.35	05:17:04	2000	6.90	6.65
COEWBT	coe	Koreguaje	5754	7.14	9910	6.61	15:50:58	2000	5.51	5.35
COKWBT	cok	Cora, Santa Teresa	5397	5.32	11483	5.37	29:25:55	2000	4.62	4.51
CONWBT	con	Cofan	14668	7.17	15811	6.82	22:39:24	2000	5.32	5.22
CRHIBT	crh	Crimean Tatar	1177	6.30	10701	5.36	20:06:07	2000	4.74	4.64
CRNWBT	crn	Cora, El Nayar	4160	7.64	11106	6.92	21:03:54	2000	5.54	5.43
CSKATB	csk	Jola Kasa	10433	8.19	8385	7.48	16:03:29	2000	6.00	5.79
CSOTBL	cso	Chinanteco de Sochiapan	1112	7.30	6085	6.10	10:23:10	2000	5.07	4.90
CT1TEV	ctd	Chin, Tiddim	8358	6.93	9712	6.61	22:13:23	2000	5.53	5.37
CTUBSM	ctu	Chol Tumbala	5833	7.46	11063	7.05	13:20:04	2000	5.28	5.09
CUCTBL	cuc	Chinanteco de Usila	964	7.57	4299	6.65	07:50:16	2000	5.85	5.72
CUIWBT	cui	Cuiba	14749	7.39	12557	7.31	26:49:44	2000	5.54	5.33
CUKNVS	cuk	Kuna San Blas	10009	6.23	14518	6.06	25:53:31	2000	4.83	4.71
CWEPBT	cwe	Kwere	7291	8.25	8581	7.51	16:53:34	2000	5.14	5.04
CWTATB	cwt	Kwatay	10196	7.85	12633	7.40	19:15:36	2000	5.94	5.66
CYAAVV	cya	Chatino Nopala	7261	8.44	5833	8.84	15:19:54	2000	7.43	7.14
DA1EST	dni	Dan, East	606	8.02	4687	6.93	11:07:12	2000	6.04	5.77
DA2WST	dni	Dan, West	738	9.04	5184	7.08	10:20:57	2000	6.29	6.01
DAAWYI	daa	Dangaléat	4087	7.78	10304	7.04	16:10:55	2000	5.80	5.54
DAHPNG	dah	Gwahatike	8100	7.60	13077	7.03	23:48:18	2000	5.59	5.43
DBQWYI	dbq	Daba	12389	7.09	20188	0.00	26:42:07	2000	5.93	5.66
DESWBT	des	Desano	3654	7.48	9588	7.46	20:09:38	2000	6.66	6.38
DGABSG	dga	Dagaare, Southern	5094	7.24	10970	6.52	20:09:03	2000	5.65	5.47
DGIABB	dgi	Dagara, Northern	1455	9.12	5611	7.33	09:49:48	2000	6.19	5.96
DIKTBL	dik	Dinka, Rek	3508	7.85	8268	7.55	14:14:19	2000	6.35	6.07
DJKWBT	djk	Aukaans	17740	7.90	15392	7.82	21:27:43	2000	6.09	5.87
DOMBEC	acf	Saint Lucian Creole	4263	6.89	12286	5.83	21:19:31	2000	4.90	4.77
DOPBSB	dop	Lokpa	2184	8.39	10741	7.95	17:16:21	2000	5.84	5.65
DSHBTL	dsh	Daasanach	7783	6.91	13253	6.50	26:39:19	2000	5.77	5.54
DTPBSM	dtp	Dusun, Central	9405	9.07	11494	8.50	25:43:33	2000	6.35	6.21
DTSABM	dts	Dogon, Toroso	1748	9.21	6784	8.21	10:35:52	2000	6.87	6.52
DUGBTL	dug	Duruma	10288	7.24	11676	6.70	25:06:53	2000	5.78	5.56
DWRTBL	dwr	Dawro	13279	8.27	10870	8.27	18:29:40	2000	7.21	6.88
DYIIBS	dyi	Senoufo, Djimini	4013	8.22	13928	7.10	22:20:24	2000	5.55	5.32
DYOBSG	dyo	Jola-Fogny	6531	7.71	7356	7.10	15:09:33	2000	6.32	6.06
DYUBSB	dyu	Jula	4109	8.27	11145	7.10	15:37:56	2000	5.88	5.66
DYUWYI	dyu	Jula	4711	8.58	8045	8.43	13:45:09	2000	7.21	6.96
EKAWYI	eka	Ekajuk	9138	7.74	10134	7.45	20:33:04	2000	6.23	5.99
EMPWYI	emp	Embera, Northern	2071	8.06	7647	7.30	13:57:29	2000	6.29	6.09
EN1NIV	eng	English	10391	6.73	10251	6.94	13:41:58	2000	5.83	5.65
ENBBTL	enb	Marakwet	5039	8.11	9216	7.31	15:28:00	2000	6.14	5.94
ENXBSP	enx	Enxet	6785	6.69	10943	5.99	22:09:42	2000	4.99	4.90
ERVWTC	kan	ಕನ್ನಡ	4155	6.77	7499	6.61	22:48:19	2000	5.70	5.58
ESENTM	ese	Ese Ejja	10220	6.81	22035	6.54	42:22:22	2000	5.08	4.98
ESSWYI	ess	St. Lawrence Island Yupik	7037	5.83	11108	5.79	21:26:12	2000	4.68	4.58
EUSEAB	eus	Euskara	11949	6.52	12739	6.15	18:24:52	1999	5.11	5.00
EWEBSG	ewe	Ewe	8008	7.10	11887	6.32	18:06:10	2000	5.38	5.26
EWEIBS	ewe	Ewe	3480	7.52	9173	6.72	19:42:06	2000	5.82	5.64
FALTBL	fal	Fali, South	7574	8.05	10699	7.70	16:23:48	2000	5.59	5.40
FARWBT	far	Fataleka	12970	5.99	13376	6.29	31:07:17	2000	4.93	4.81
FIJBSP	fij	Fijian	7938	7.75	7248	7.57	17:34:41	2000	6.74	6.52
FIN38V	fin	Suomi	9221	6.16	12191	5.21	17:41:40	2000	4.78	4.72
FIZTBL	izr	Izere	7836	7.54	9813	6.78	18:57:37	2000	5.89	5.65
FLMUBS	cfm	Chin, Falam	11834	7.29	14152	6.69	22:19:30	2000	5.53	5.36
FONBSB	fon	Fon (Fongbe)	2605	8.73	12448	0.00	17:10:36	1996	5.73	5.58
FRDWBT	frd	Fordata	13916	5.37	14430	5.31	27:55:36	2000	4.52	4.39
FRNPDC	fra	Français	10819	8.03	5628	8.19	11:55:32	2000	7.40	7.12
FRNPDV	fra	Français	7601	8.53	8028	0.00	14:47:39	1994	8.22	7.76
FUFPBT	fuf	Pular	5032	8.13	8988	7.61	16:26:57	2000	5.64	5.47
FUQWBT	fuq	Fulfulde, Central Eastern Niger	7076	8.52	12146	7.06	16:49:34	2000	5.88	5.66
GAGIB1	gag	Gagauz	4668	6.89	5177	5.26	09:14:28	2000	4.59	4.44
GAGIBT	gag	Gagauz	7377	6.79	10887	5.62	15:34:39	2000	4.36	4.21
GBILAI	gbi	Galela	13126	7.00	13958	7.17	38:10:30	2000	5.84	5.64
GDEWBT	gde	Gude	1665	7.68	8709	7.29	15:22:52	2000	6.32	6.03
GEJBS2	gej	Mina	1226	8.36	10652	7.29	18:07:32	2000	5.91	5.67
GILBSP	gil	Kiribati	9325	7.35	9803	7.01	19:21:19	2000	5.64	5.46
GKNIBS	gkn	Gokana	1044	8.43	4677	7.97	08:40:03	2000	7.13	6.75
GMVTBL	gmv	Gamo	11319	7.59	12544	7.19	16:38:33	2000	5.81	5.65
GNGWYI	gng	Gangam	4737	8.66	10560	8.04	15:57:26	2000	6.55	6.32
GNWNTM	gnw	Guaraní, Western Bolivian	12521	7.47	15886	7.19	25:13:17	2000	4.98	4.89
GO1TBL	gof	Goffa	1803	6.67	3791	6.51	08:22:54	2000	5.98	5.77
GOFTBL	gof	Goffa	14536	8.01	11246	8.23	17:14:42	2000	7.14	6.79
GOGBST	gog	Chigogo	7382	7.66	9774	6.97	21:29:54	2000	5.88	5.74
GORLAI	gor	Gorontalo	10254	6.64	12172	6.15	26:36:34	2000	5.25	5.12
GQRWBT	gqr	Gor	2522	7.60	11194	6.51	19:53:01	2000	5.52	5.36
GSOCAR	gso	Gbaya, Southwest	3962	8.38	10349	7.61	15:50:10	2000	5.71	5.55
GU1WBT	gur	Ninkare	1915	8.91	7286	8.12	13:40:00	2000	6.83	6.52
GUBWBT	gub	Guajajára	27164	7.03	29941	6.41	40:22:59	2000	5.19	5.08
GUDBSC	gud	Dida, Yocoboué	3492	8.04	9214	6.95	15:47:06	2000	5.33	5.16
GUGRPV	gug	Guarani, Paraguayan	9726	7.36	10658	6.59	16:22:27	2000	5.17	5.00
GUHWBT	guh	Guahibo	13028	7.34	12346	7.64	30:23:19	2000	6.85	6.68
GUISBU	gui	Guarani, Bolivian	4829	8.54	5136	8.15	09:34:11	2000	7.46	7.24
GUMTBL	gum	Guambiano	5959	6.98	11523	6.37	25:20:09	2000	4.85	4.73
GUOWBT	guo	Guayabero	11193	7.71	15162	7.56	24:52:57	2000	6.60	6.41
GUQLPY	guq	Aché	7283	6.86	13169	6.08	24:10:09	2000	5.15	5.05
GURIBS	gur	Frafra	4466	8.48	8558	8.33	18:48:04	2000	7.57	7.21
GUXABB	gux	Gulmancema	9359	7.76	10291	7.26	16:12:08	2000	6.04	5.87
GVCTBL	gvc	Guanano	8359	7.22	10341	7.36	22:36:55	2000	6.02	5.80
GVLABT	gvl	Gulei	2005	8.68	6906	7.80	10:33:04	2000	6.55	6.30
GWRWBT	gwr	Lugwere	10959	6.27	11798	6.11	27:39:32	2000	5.41	5.25
GYMWBT	gym	Guaymi	9948	7.22	7785	6.44	18:54:51	2000	5.28	5.18
GYRSBB	gyr	Guarayo	6577	6.86	11301	6.79	21:20:12	2000	5.71	5.57
HAEBSE	hae	Oromo, Eastern	10527	6.67	12089	6.48	23:48:29	2000	5.65	5.43
HAGGIL	hag	Hanga	5712	7.75	7807	7.18	13:19:30	2000	6.18	5.93
HAKTHV	hak	Hakka	4298	7.46	2902	6.35	04:23:25	1999	5.95	5.73
HATSBH	hat	Kreyòl ayisyen	12806	7.61	15934	6.99	19:15:16	2000	5.48	5.36
HAUCLV	hau	Hausa	9441	6.16	11323	5.74	20:40:13	2000	4.95	4.81
HAYBST	hay	Ruhaya	8004	7.92	9971	7.11	17:18:49	2000	5.74	5.60
HBRHMT	heb	עברית	459	7.88	495	8.22	00:46:19	422	7.37	7.06
HEHBST	tlx	Kihehe	9588	7.27	10948	9.12	21:09:10	2000	5.93	5.77
HIFBSP	hif	Fiji-Hindi	8505	7.70	11567	6.90	19:11:21	2000	5.91	5.67
HIGTBL	hig	Higgi	2208	8.24	12417	7.79	24:19:10	2000	6.59	6.26
HILHPV	hil	Hiligaynon	10889	7.19	12014	6.74	23:55:46	2000	5.84	5.66
HNDSKV	hin	हिंदी	6119	7.17	7864	6.53	17:49:08	2000	5.90	5.68
HNEBGC	hne	Chhattisgarhi	6036	6.87	5335	6.64	14:14:22	2000	5.98	5.83
HNNOMF	hnn	Hanunoo	12290	6.24	13757	5.96	24:40:57	2000	5.02	4.93
HNSWBT	hns	Sarnami Hindi	13585	7.45	15043	6.99	22:18:57	2000	5.66	5.49
HTOWBT	hto	Huitoto, Minica	7242	7.34	14055	7.01	24:59:29	2000	5.24	5.06
HUBWBT	hub	Huambisa	13925	6.41	16021	5.98	27:27:05	2000	5.14	5.04
HUIPNG	hui	Huli	7140	8.05	7479	7.72	18:22:15	2000	5.61	5.52
HUSLLB	hus	Huasteco, Veracruz	10767	6.78	13929	6.13	23:52:53	2000	5.07	4.99
HUUTBL	huu	Huitoto Murui	18359	6.84	19211	6.41	25:19:10	2000	4.95	4.87
HUVTBL	huv	Huave de San Mateo del Mar	4523	7.84	7982	7.04	13:10:02	2000	5.70	5.53
IBATIV	iba	Iban	9558	7.03	11505	6.47	20:34:35	2000	5.54	5.39
ICRWYI	icr	San Andres Islander Creole	11385	7.12	13439	6.35	21:09:23	2000	5.27	5.13
IFAWBT	ifa	Central Ifugao	11338	6.17	12508	5.87	24:31:22	2000	4.95	4.87
IFBTBL	ifb	Ayangan Ifugao	10741	6.71	12262	6.24	26:54:36	2000	5.22	5.13
IFEWBT	ife	Ifè	580	8.35	2993	7.77	05:20:11	2000	7.15	6.80
IFKTBL	ifk	Tuwali Ifugao	10388	7.14	11885	6.70	24:53:03	2000	5.57	5.42
IFUWPS	ifu	Mayoyao Ifugao	11588	6.18	13156	6.03	27:41:42	2000	5.17	5.06
IFYWBT	ify	Antipolo Ifugao	11072	6.45	12288	6.17	25:19:46	2000	5.28	5.14
IGNSBB	ign	Ignaciano	13066	7.14	12559	6.86	27:19:19	2000	5.44	5.33
ILORPV	ilo	Ilocano	11123	7.15	13309	6.55	22:30:35	2000	5.76	5.60
INBWBT	inb	Inga	5096	7.41	12789	6.76	20:21:48	2000	5.43	5.32
INZNTV	ind	Indonesian	8086	7.68	9824	7.17	19:00:47	2000	5.92	5.78
INZSHL	ind	Indonesian	8468	7.25	9843	6.78	21:19:37	2000	5.70	5.55
INZTSI	ind	Indonesian	13348	6.86	14904	6.36	30:33:50	2000	5.27	5.12
IPIPNG	ipi	Ipili	9550	6.87	8924	6.84	31:42:28	2000	6.41	6.18
IRIWYI	iri	Irigwe	6629	7.72	7128	7.26	14:10:03	2000	5.84	5.67
IRKBST	irk	Kiiraqw	7000	8.35	6917	8.45	16:40:29	2000	7.51	7.16
ITVSTP	itv	Itawit	10045	6.87	11346	6.56	24:43:55	2000	5.25	5.17
IX1WBT	ixl	Ixil	22532	6.04	23706	5.83	35:05:54	2000	4.96	4.86
IXIWBT	ixl	Ixil	13865	7.15	17945	6.45	25:35:12	2000	5.16	5.05
IXLWBT	ixl	Ixil	12046	7.92	14561	7.62	18:28:51	2000	5.74	5.63
JACWBT	jac	Jacalteco, Eastern	10856	7.49	13664	7.06	28:11:44	2000	5.49	5.39
JAISBG	jac	Jacalteco, Western	9565	6.88	14229	6.27	25:05:03	2000	4.98	4.90
JAMBSW	jam	Jamaican Creole	10599	7.26	12919	6.32	19:27:35	2000	5.18	4.99
JAVNRF	jav	Javanese, Indonesian	3921	8.13	9336	7.33	22:21:33	2000	5.96	5.79
JBUIBS	jbu	Jukun	8682	8.19	10204	7.86	22:07:03	2000	6.46	6.18
JICWBT	jic	Tol	15199	7.54	14281	7.19	20:27:40	2000	5.65	5.50
JIVAIE	jiv	Shuar	10033	7.13	10335	6.86	17:33:21	2000	5.41	5.29
JMCBST	jmc	Kimashami	9811	6.92	11135	6.76	21:35:06	2000	5.77	5.57
JUNWIN	jun	Juang	4667	7.47	5781	6.95	20:38:31	2000	6.52	6.20
JVNTBL	jvn	Javanese, Caribbean	4178	7.81	9322	6.85	15:33:38	2000	5.77	5.60
KAAIBT	kaa	Karakalpak	6687	7.43	8085	6.66	15:23:05	2000	5.63	5.43
KABCEB	kab	Kabyle	3703	7.62	4426	7.44	07:45:11	2000	7.01	6.83
KACUBS	kac	Kachin	9601	7.09	11868	6.35	24:37:01	2000	5.56	5.42
KAOABM	kao	Khassonke	9479	8.58	4768	8.47	09:38:51	2000	7.93	7.55
KAQTBL	knt	Capanahua	17636	nan	19519	nan	32:50:36	2000	5.72	5.57
KAZKAZ	kaz	Kazakh	852	7.80	9520	6.80	18:50:35	2000	5.59	5.42
KBPRCV	kbp	Kabiye	4417	7.97	9447	7.42	14:19:08	2000	5.34	5.20
KBRSIM	kbr	Kafa	12428	7.64	12502	7.27	22:30:41	2000	6.05	5.85
KCGWBT	kcg	Tyap	4383	7.73	10839	7.45	20:56:21	2000	5.46	5.26
KD1BSU	keu	Kebu	9790	6.99	10286	7.03	26:17:57	2000	5.69	5.52
KDCPBT	kdc	Kutu	9942	6.01	10952	5.73	21:28:25	2000	5.23	5.06
KDIBSU	kdi	Kumam	8830	6.85	10505	6.21	19:31:48	2000	5.32	5.19
KDJBSU	kdj	Karimojong	8079	7.18	11643	6.50	21:32:22	2000	5.82	5.65
KDNBSZ	kdn	Chikunda	9667	6.92	11565	6.36	21:05:35	2000	5.41	5.25
KEKIBS	kek	Kekchi	7464	7.61	13984	6.53	19:32:18	2000	5.23	5.12
KEKSBG	kek	Kekchi	8873	7.30	12679	6.31	18:30:02	2000	5.40	5.28
KENWBT	ken	Kenyang	1610	7.82	5597	7.44	10:05:04	2000	6.91	6.64
KEOBSU	keo	Kakwa	6316	7.16	10104	6.68	24:13:01	2000	5.75	5.56
KERABT	ker	Kera	2720	8.03	10924	7.26	18:03:30	2000	5.94	5.68
KEZLCN	kez	Kukele	938	8.68	4991	7.79	08:43:39	2000	6.89	6.59
KHKMUB	khk	Mongolian, Outer	372	9.11	2975	7.44	06:14:32	2000	6.64	6.42
KIABSC	kia	Garap	6577	7.80	9659	6.83	15:34:02	2000	6.03	5.83
KIAWBT	kia	Garap	4843	7.86	6614	6.33	12:16:37	2000	5.17	4.99
KIJPNG	kij	Kiriwina	11010	6.85	11111	6.25	20:45:04	2000	5.04	4.96
KJBSBG	kjb	Kanjobal, Eastern	12663	7.30	15455	6.82	23:43:26	2000	5.26	5.16
KJEWBT	kje	Kisar	11592	6.44	12864	6.34	28:47:38	2000	5.48	5.34
KJHIBT	kjh	Khakas	1001	6.37	7746	5.44	14:29:13	2000	4.58	4.42
KKIBST	kki	Kikagulu	9176	6.89	10348	6.63	21:00:24	2000	5.78	5.63
KKJWBT	kkj	Kako	6855	8.60	9760	7.88	17:39:16	2000	6.09	5.84
KLENLI	kle	Kulung	6649	6.37	7892	5.96	17:44:09	2000	5.17	5.07
KMAWBT	kmy	Koma	759	8.65	3310	7.28	06:19:12	2000	7.02	6.68
KMHKOV	khm	Khmer, Central	522	7.75	884	8.67	01:12:34	752	8.21	7.93
KMRUBS	kmr	Kurmancî	6131	8.07	11337	7.04	18:58:56	2000	5.85	5.59
KNETBL	kne	Kankanaey	11326	5.99	12224	5.68	22:53:54	2000	4.63	4.53
KNFWYI	knf	Mankanya	7461	7.89	11949	6.57	16:41:17	2000	4.84	4.72
KNJSBI	knj	Akateko	10838	7.79	18762	6.83	28:59:32	2000	5.54	5.45
KNKBSL	knk	Kuranko	4158	8.91	4757	9.21	11:03:47	2000	8.86	8.35
KNOBSL	kno	Kono	2528	8.71	10791	8.09	19:22:57	2000	6.81	6.43
KOGWBT	kog	Kogi	5870	7.43	5852	6.71	12:54:47	2000	5.82	5.60
KPVIBT	kpv	Komi-Zyrian	2824	7.56	9066	6.72	16:33:46	2000	5.47	5.30
KPZBSU	kpz	Kupsapiny	8332	7.34	10341	6.74	18:46:45	2000	5.45	5.30
KQETBL	kqe	Kalagan, Eastern	12297	6.31	14002	5.88	28:04:23	2000	4.95	4.81
KQPWBT	kqp	Kimre	3716	7.45	10474	6.74	22:17:37	2000	5.51	5.32
KQYBSE	kqy	Koorete	618	7.74	752	7.25	01:25:08	638	7.71	7.22
KRCLIO	krc	Balkar	740	9.16	4439	6.93	08:58:13	2000	6.06	5.93
KRINVS	kri	Krio	1930	8.16	12264	6.95	20:20:34	2000	5.67	5.54
KRJWBT	krj	Kinaray-a	9792	6.92	12609	6.26	23:53:35	2000	5.36	5.24
KRUFMP	kru	Kurukh	5202	7.32	4250	6.97	13:17:44	2000	6.49	6.24
KSBBST	ksb	Kishambala	11486	6.85	12815	6.42	19:18:15	2000	5.54	5.29
KTBBSE	ktb	Kambaata	662	7.70	2024	6.87	04:10:55	1721	6.81	6.53
KTJWBT	ktj	Krumen, Plapo	1223	7.93	7137	7.00	12:32:53	2000	6.36	6.11
KUBTBL	kub	Kutep	2134	8.10	15413	6.89	30:06:27	2000	5.65	5.52
KUEPNG	kue	Kuman	10869	7.19	9756	7.30	24:05:08	2000	6.35	6.07
KUMIBT	kum	Kumyk	868	7.67	10481	6.54	18:40:29	2000	5.50	5.36
KUSTBL	kus	Kusaal	8936	7.53	11356	7.03	15:50:55	2000	5.75	5.58
KVNWBT	kvn	Kuna Border	15782	7.27	16972	6.80	27:02:29	2000	5.32	5.21
KWIWBT	kwi	Awa for Ecuador	19557	7.00	21085	6.80	29:00:05	2000	4.93	4.86
KXCBSE	kxc	Konso	456	7.54	4757	6.56	12:25:48	2000	6.09	5.88
KYCPNG	kyc	Kyaka	8714	7.63	7268	7.72	20:46:10	2000	7.27	6.91
KYFWBT	kyf	Kouya	3110	8.40	8224	8.25	15:05:36	2000	6.87	6.55
KYQWYI	kyq	Kenga	2412	8.15	10572	7.43	18:13:03	2000	5.91	5.70
KYZWBT	kyz	Kayabi	25842	6.70	35671	6.25	51:49:40	2000	5.31	5.13
KZFLAI	kzf	Kaili, Da'a	13755	7.05	14986	6.55	27:33:54	2000	5.36	5.22
LAJBSU	laj	Lango	6329	8.08	7128	7.76	12:49:05	2000	6.50	6.26
LAOUBS	lao	ລາວ	1307	7.26	8441	6.60	23:38:08	2000	6.00	5.79
LASABT	las	Lamba for Togo	2492	8.42	7400	7.87	12:33:47	2000	6.66	6.43
LAWNTM	law	Lauje	20249	5.82	20586	6.41	43:36:58	2000	4.90	4.78
LEEWBT	lee	Lyele	943	9.18	2799	8.06	04:27:55	2000	7.78	7.43
LEFTBL	lef	Lelemi	2029	8.49	10923	7.33	19:49:28	2000	6.08	5.86
LEMWBT	lem	Nomaande	1247	7.72	7660	6.56	16:02:07	2000	5.45	5.25
LEWLAI	lew	Ledo Kaili	13583	7.26	12488	7.03	21:33:35	2000	5.69	5.57
LEXWBT	lex	Luang	15227	6.62	16494	6.12	33:09:46	2000	5.20	5.12
LGGBSU	lgg	Lugbara	8795	7.02	11171	6.81	22:40:37	2000	5.67	5.53
LHUTBS	lhu	Lahu	2677	7.41	12416	6.72	26:26:53	2000	6.09	5.88
LIABSL	lia	Limba West	3521	8.16	5743	7.30	11:33:50	2000	6.21	5.89
LIPWBT	lip	Sekpele	5218	7.08	10060	6.59	20:15:46	2000	5.58	5.41
LJPLAI	ljp	Lampung	12541	6.51	14060	6.41	23:19:46	2000	5.26	5.14
LLNABT	lln	Lélé (Chad)	7178	7.93	10283	6.83	22:08:59	2000	5.81	5.60
LMEABT	lme	Peve	4474	8.50	4569	7.70	09:07:04	2000	7.01	6.63
LNDBSM	lnd	Lun Bawang - Lun Dayah	10488	6.93	11431	6.49	22:10:46	2000	5.51	5.37
LOBBSB	lob	Lobiri	1260	8.49	3732	6.99	05:37:09	2000	6.36	6.15
LOKLBT	lok	Loko	3429	7.80	10790	7.13	22:48:34	2000	6.04	5.77
LONBSM	lon	Elhomwe	8726	6.74	11255	5.83	20:26:29	2000	5.06	4.93
LSIBSM	lsi	Lacid	34663	7.74	29537	7.61	26:14:49	2000	7.25	6.96
LSMBSU	lsm	Lusamya-Lugwe	10926	6.71	11475	6.84	28:24:58	2000	5.52	5.34
LTNNVV	lat	Latin	10582	5.88	10946	5.82	15:16:33	2000	5.40	5.19
LUCHLA	luc	Aringa	1024	6.96	5682	6.51	14:09:00	2000	5.96	5.73
LWOWBT	lwo	Luwo	7147	8.20	9449	8.37	21:44:26	2000	7.32	6.98
MAASAV	maa	Mazatec (San Antonio & San Jeronimo)	2356	7.64	5014	7.65	10:44:07	2000	7.07	6.80
MAASJV	maa	Mazatec (San Antonio & San Jeronimo)	1886	8.00	4626	7.86	09:37:16	2000	6.98	6.73
MADIBS	mad	Madurese	11663	7.72	13381	7.43	23:09:11	2000	6.10	5.91
MAGSSI	mag	Magahi	6382	6.73	7021	6.36	16:51:28	2000	5.69	5.53
MAHWGM	mah	Marshallese	3688	8.09	3581	7.94	08:23:42	2000	7.37	7.03
MAIWBT	mai	Maithili	4435	7.76	4653	7.15	13:40:57	2000	6.65	6.45
MAJTBL	maj	Mazateco, Jalapa de Diaz	3549	8.44	5760	8.31	12:20:53	2000	7.61	7.33
MAKLAI	mak	Makassar	13609	6.95	15904	6.36	28:07:52	2000	5.36	5.22
MAMSBG	mam	Mam, Northern	7453	7.23	13833	6.28	22:15:15	2000	5.16	5.06
MARWTC	mar	Marathi	5157	7.56	8818	6.79	21:52:21	2000	6.10	5.91
MAWWBT	maw	Mampruli	8430	8.06	11814	7.63	22:02:06	2000	6.12	5.92
MAZTBL	maz	Mazahua, Central	6288	7.66	20059	6.99	29:53:08	2000	5.57	5.35
MBBWPS	mbb	Manobo, Western Bukidnon	9238	7.35	14036	6.59	29:33:26	2000	5.51	5.40
MBTWBT	mbt	Matigsalug	9746	7.12	11711	6.41	23:20:13	2000	5.27	5.15
MCAWYI	mca	Maka	8357	6.47	13413	6.07	28:36:25	2000	5.11	5.03
MCBTBL	mcb	Matsigenka	15109	6.64	15970	6.61	40:15:39	2000	5.42	5.27
MCDTBL	mcd	Sharanahua	13204	5.84	23489	6.03	39:04:08	2000	4.85	4.72
MCOTBL	mco	Mixe de Coatlan	1470	8.54	1265	7.86	03:01:20	1077	7.99	7.65
MCPWBT	mcp	Makaa	1513	8.17	12249	6.90	18:43:16	2000	5.57	5.39
MCQTBL	mcq	Ese	11412	7.07	13494	6.61	25:11:30	2000	5.46	5.31
MCUTBL	mcu	Mambila for Cameroon	1863	8.06	10561	7.62	16:55:51	2000	6.33	6.06
MDAWBT	mda	Mada	376	7.26	7746	6.62	19:52:47	2000	5.68	5.45
MDYBSE	mdy	Maale	2478	6.76	9126	6.59	21:00:25	2000	5.76	5.56
MEJTBL	mej	Meyah	16551	5.85	18241	6.20	42:07:59	2000	5.07	4.89
MENBSL	men	Mende	2742	8.53	8288	7.65	15:30:25	2000	6.62	6.34
MEQWBT	meq	Merey	6245	8.36	12956	8.14	23:48:00	2000	6.79	6.45
MF1WBT	mfq	Moba	6549	8.82	9932	8.05	17:00:06	2000	6.69	6.38
MFEBSM	mfe	Mauritian Kreol	8362	7.90	10715	7.00	17:40:57	2000	5.88	5.66
MFHWYI	mfh	Matal	2912	8.52	9659	8.01	18:07:36	2000	7.35	7.06
MFIWYI	mfi	Mandara	5349	7.92	7312	7.89	18:15:03	2000	7.05	6.78
MFKABC	mfk	Mofu, North	5327	7.95	6458	7.00	15:07:58	2000	5.57	5.37
MFQABT	mfq	Moba Lok	3225	8.01	9973	7.15	16:32:02	2000	6.06	5.79
MFYWBT	mfy	Mayo	7500	6.96	9003	6.29	15:57:36	2000	5.15	5.01
MFZBSS	mfz	Mabaan	2551	7.30	6178	6.74	15:32:40	2000	5.90	5.65
MGDBSS	mgd	Moru	10357	6.86	11056	6.48	22:57:08	2000	5.58	5.37
MGOWYI	mgo	Meta	1631	7.17	8386	6.42	14:20:59	2000	5.72	5.52
MHIBSU	mhi	Ma'di	10097	7.21	11908	7.13	19:53:18	2000	5.50	5.36
MHMBSB	mos	Moore	4561	8.24	7528	7.17	10:16:47	2000	6.33	6.08
MHMCAT	mos	Moore	5189	8.78	11895	7.54	17:01:20	1999	6.70	6.39
MHXBSM	mhx	Lhaovo	40124	7.64	25834	7.64	25:02:46	2000	7.43	7.15
MHYLAI	mhy	Dayak Ma'anyan	12639	6.83	14472	6.37	23:07:38	2000	5.32	5.19
MIBTBL	mib	Mixtec, Atatláhuca	5048	7.12	14975	6.17	24:03:20	2000	5.41	5.26
MIFWBT	mif	Mofu-Gudur	7251	8.18	12126	8.00	19:36:31	2000	4.99	4.83
MILTBL	mil	Mixteco de Penoles	808	8.02	5511	6.70	16:53:51	2000	5.82	5.70
MINLAI	min	Minangkabau	12133	6.35	13894	6.34	29:49:15	2000	5.15	5.01
MIOWBT	mio	Mixtec, Pinotepa Nacional	12590	6.65	13184	5.96	21:55:45	2000	4.80	4.65
MIQSBN	miq	Mískito	13545	6.40	7031	6.16	12:39:49	2000	5.33	5.22
MITTBL	mit	Mixteco del Sur de Puebla	4644	7.06	13398	6.45	27:02:47	2000	5.55	5.45
MIYWYI	miy	Mixteco de Ayutla	4377	6.85	12721	6.07	22:32:46	2000	4.87	4.75
MJSWTC	mal	Malayalam	2199	7.80	744	8.67	02:44:49	633	8.52	8.19
MLGEIV	mlg	Malagasy	7443	8.74	5489	8.77	12:27:58	2000	7.71	7.40
MLGRCV	mlg	Malagasy	6806	7.60	7735	7.34	15:52:10	2000	6.39	6.21
MLGRPV	mlg	Malagasy	8892	6.82	10590	6.27	15:58:53	2000	5.14	5.03
MLYBSM	may	Malay Bahasa	10608	7.01	13700	6.31	23:50:57	2000	5.30	5.20
MMSBSG	mam	Mam, Southern	6959	7.36	11547	6.67	19:03:26	2000	5.50	5.36
MNBTBL	mnb	Muna	10550	6.82	11334	6.72	24:14:10	2000	5.48	5.31
MNFCAB	mnf	Mundani	961	7.67	10832	6.83	19:36:00	2000	6.14	5.77
MNKBSG	mnk	Mandinka	7356	7.64	10668	6.80	18:30:28	2000	5.72	5.48
MOAWBT	moa	Mwan	6570	8.46	14163	7.82	26:19:05	2000	6.13	5.85
MOGLAI	mog	Mongondow	10248	7.13	13034	6.65	26:33:51	2000	5.40	5.31
MOPWBT	mop	Maya, Mopan	16183	7.21	17241	6.95	26:21:28	2000	5.39	5.26
MORBSS	mor	Nuba Moro	1281	7.07	8275	6.58	22:33:31	2000	5.81	5.63
MPGABT	mpg	Azumeina	8583	8.03	7262	7.73	12:46:05	2000	6.01	5.83
MPMTBL	mpm	Mixteco de Santiago Yosundua	7329	7.19	10849	6.69	19:16:02	2000	5.64	5.29
MPXPNG	mpx	Misima-Panaeyati	8929	7.11	11625	6.34	21:35:48	2000	5.28	5.20
MQBWBT	mqb	Mbuko	6284	7.95	9053	7.89	18:16:28	2000	6.87	6.55
MQJLAI	mqj	Mamasa	12424	6.59	13023	6.28	21:57:45	2000	5.10	4.99
MRWNVS	mrw	Maranao	9513	6.67	11233	6.04	23:58:46	2000	5.10	4.99
MSYPNG	msy	Aruamu	5592	7.70	12652	6.51	18:54:05	2000	5.18	5.08
MUHWBT	muh	Mundu	4956	8.55	11140	8.41	23:24:16	2000	7.16	6.84
MUPNLL	mup	Malvi	4939	7.57	6552	6.51	13:44:48	2000	5.93	5.77
MURTBL	mur	Murle	2911	8.33	5775	7.83	10:55:20	2000	6.79	6.56
MUYWBT	muy	Muyang	4994	7.92	9472	6.57	16:58:59	2000	5.49	5.32
MVCNVS	mam	Mam, Central	3941	7.56	12013	7.31	21:41:44	2000	5.46	5.32
MVJWBT	mam	Mam, Todos Santos	8232	7.92	15965	7.09	29:00:53	2000	5.73	5.58
MVPLAI	mvp	Duri	11464	7.28	13215	6.86	24:29:10	2000	5.74	5.60
MWVLAI	mwv	Mentawai	10301	7.08	11707	6.64	21:48:44	2000	5.50	5.39
MWWHDV	mww	Hmong Daw	7196	7.26	8688	7.24	18:06:46	2000	6.00	5.85
MXBMVR	mxb	Mixteco de Tezoatlan	3465	7.06	8105	6.04	16:47:07	2000	5.33	5.18
MXTTBL	mxt	Mixteco de Jamiltepec	12618	7.51	11860	7.43	20:31:33	2000	5.66	5.45
MYBABT	myb	Mbay	3790	8.67	4299	8.41	08:59:45	2000	7.47	7.08
MYKWBT	myk	Miniyanka	5656	8.17	9601	8.01	15:42:09	2000	6.14	5.93
MYXBSU	myx	Lumasaaba	10386	6.54	11493	6.14	22:59:17	2000	5.27	5.14
MYYWBT	myy	Macuna	7677	7.10	21590	5.80	26:38:58	2000	4.73	4.59
MZAWBT	mza	Mixtec, Zacatepec	9321	7.04	11820	6.33	23:02:35	2000	5.46	5.24
MZKTBL	mzk	Mambila for Nigeria	7896	7.56	11673	6.87	22:09:10	2000	5.63	5.44
MZMWBT	mzm	Mumuye	891	8.74	6661	7.73	11:52:21	2000	6.64	6.33
NANTTV	nan	Hokkien	1817	7.53	10823	6.81	17:54:35	2000	5.58	5.42
NASPNG	nas	Naasioi	9066	6.69	11306	6.10	21:55:58	2000	5.14	5.07
NCHTBL	nch	Nahuatl Huasteca, Central	8957	7.47	14808	6.26	25:33:10	2000	5.32	5.20
NCJTBL	ncj	Nahuatl Norte Puebla	12683	6.65	14450	6.41	28:46:07	2000	5.15	5.08
NCUWBT	ncu	Chumburung	1139	7.92	8694	7.29	17:55:16	2000	5.77	5.57
NDZWBT	ndz	Ndogo	869	7.73	4249	6.86	10:03:39	2000	6.21	5.97
NEBWYI	neb	Toura	1478	7.45	14354	6.85	25:03:22	2000	5.83	5.64
NEWNCL	new	Newar	6093	7.02	9306	6.06	19:13:48	2000	5.14	5.02
NFRIBS	nfr	Nafaanra	5599	7.48	9017	6.83	16:18:00	2000	5.64	5.47
NGUTBL	ngu	Nahuatl, Guerrero	6824	7.43	9024	7.04	20:06:26	2000	5.82	5.70
NH1NMV	nhx	Nahuatl, Mecayapan	7362	7.13	11202	6.11	18:12:51	2000	5.19	5.06
NHETBL	nhe	Nahuatl Huasteca, Eastern	10598	7.22	16011	6.33	27:56:06	2000	5.07	5.03
NHIWBT	nhi	Nahuatl, Tenango	9758	7.02	10458	6.44	19:38:21	2000	5.30	5.20
NHUWBT	nhu	Nooni	2693	7.81	9232	7.23	18:53:46	2000	6.14	5.91
NHWTBL	nhw	Nahuatl Huasteca, Western	9420	7.61	12007	7.12	24:30:05	2000	5.39	5.21
NHXNTV	nah	Nahuatl, Tatahuicapan	6932	7.21	12482	6.24	20:58:00	2000	5.13	5.01
NHYTBL	nah	Nahuatl, Norte de Oaxaca	10953	6.35	14055	5.92	22:59:01	2000	4.86	4.76
NIAIBS	nia	Nias	6994	7.28	14574	6.81	26:38:24	2000	5.52	5.38
NIJLAI	nij	Ngaju	12569	7.47	12335	7.27	24:19:37	2000	5.80	5.54
NIMBST	nim	Kinyiramba	8617	7.10	9733	6.74	18:43:08	2000	5.81	5.62
NINWYI	nin	Ninzo	12215	6.24	13698	5.91	24:12:37	2000	4.85	4.70
NKOWBT	nko	Nkonya	2981	7.79	12092	6.79	17:15:42	2000	5.50	5.31
NLCLAI	nlc	Nalca	10372	7.44	12423	6.68	27:41:13	2000	5.62	5.46
NMZWSB	nmz	Nawdm	4941	8.98	6675	8.30	10:33:25	2000	6.63	6.36
NNBBSU	nnb	Kinandi	9365	7.87	11305	7.25	22:20:51	2000	5.91	5.69
NNWWBT	nnw	Nuni, Southern	1185	8.69	9070	7.57	13:27:35	2000	6.33	6.08
NODWBT	nod	กำเมือง	1263	6.14	8019	5.85	19:55:42	2000	5.27	5.14
NOGIBT	nog	Nogai	2916	6.88	8720	5.39	13:53:00	2000	4.49	4.39
NOTTBL	not	Nomatsiguenga	19234	6.30	21868	6.32	35:27:51	2000	5.32	5.15
NPLWYI	npl	Nahuatl, Southeastern Puebla	10760	6.97	12982	6.38	23:10:11	2000	5.42	5.24
NPYLAI	npy	Napu	15502	6.99	15618	6.71	28:53:06	2000	5.06	4.93
NSUWBT	nsu	Nahuatl, Sierra Negra	1999	6.74	1999	6.67	03:04:59	1700	6.26	6.04
NTMWBT	ntm	Nateni	1289	8.04	8000	7.36	14:56:57	2000	5.85	5.64
NTRWBT	ntr	Ntrubo	1854	8.31	8910	7.99	19:02:50	2000	7.03	6.67
NUJWBT	nuj	Lunyole	9417	6.23	11182	5.93	24:12:56	2000	5.27	5.11
NUSBSS	nus	Nuer	1680	8.14	5465	6.92	09:31:58	2000	6.40	6.15
NWBWBT	nwb	Nyaboa	1906	8.21	12329	7.73	21:19:25	2000	6.16	5.87
NYFBTL	nyf	Giryama	9631	7.40	10776	6.79	21:02:42	2000	5.71	5.54
NYNBSU	nyn	Runyankore-Rukiga	8818	8.21	8717	7.97	15:41:12	2000	6.76	6.50
NYOBSU	nyo	Runyoro-Rutoro	10907	7.64	11854	7.09	20:02:00	2000	5.74	5.53
NYYBST	nyy	Kinyakyusa	6417	7.42	12651	6.65	23:03:59	2000	5.74	5.57
NZIBSG	nzi	Nzima	4731	8.01	8634	7.16	15:36:29	2000	5.65	5.47
OBOWBT	obo	Minonuvu	12454	5.68	12995	5.77	29:01:58	2000	5.10	4.95
OJ1CBS	ojc	Ojibwe	16302	6.29	16850	6.07	38:27:57	2000	5.00	4.90
OKUWYI	oku	Oku	3745	8.16	6155	8.29	14:16:59	2000	7.22	6.86
OLDBST	old	Kimochi	8676	7.43	10618	6.89	20:07:09	2000	5.73	5.56
OM1TBL	omw	Omwunra Toqura	13179	6.26	15564	5.77	29:07:25	2000	4.80	4.74
ORYWTC	ori	Oriya	1941	7.71	1662	7.58	07:54:24	1414	7.75	7.53
OSSIBT	oss	Ossetic	603	7.47	6439	6.27	11:23:45	2000	5.40	5.27
OTETBL	ote	Nahnu Otomi Mezquital	3694	7.75	6416	6.77	11:54:57	2000	5.74	5.54
OZMTBL	ozm	Koonzime	2002	8.55	5748	8.02	09:45:14	2000	7.36	7.05
PABTBL	pab	Parecis	17257	6.40	17389	6.12	36:46:16	2000	5.00	4.93
PADTBL	pad	Paumari	30173	5.56	31745	5.43	47:05:07	2000	4.36	4.30
PAGPBS	pag	Pangasinan	11836	6.99	13028	6.66	22:31:48	2000	5.36	5.28
PAMPBS	pam	Pampangan	10198	7.28	12555	6.63	20:34:53	2000	5.46	5.36
PAUUBS	pau	Palauan	7315	7.43	8317	6.69	16:42:29	2000	5.04	4.91
PBBWBT	pbb	Nasa Yuwe	8006	7.37	8795	7.18	16:34:14	2000	5.92	5.71
PBCBSS	pbc	Patamona	8563	6.44	12721	6.28	27:54:25	2000	5.15	4.96
PBIWYI	pbi	Podoko	2083	7.88	12157	6.94	20:06:59	2000	5.74	5.56
PCMTSC	pcm	Nigerian Pidgin	8305	7.72	10060	6.92	15:10:24	2000	6.04	5.89
PESTPV	pes	فارسی	717	8.87	2787	7.31	05:14:51	2000	7.03	6.76
PIRWBT	pir	Piratapuyo	7502	7.29	19312	6.50	28:41:15	2000	4.99	4.86
PISWBT	pis	Pijin	10845	6.87	13755	6.13	25:51:52	2000	5.30	5.19
PKBBTL	pkb	Pokomo	9287	7.47	6004	6.54	09:54:13	2000	5.62	5.36
PLSWYI	pls	Ngigua, San Marcos Tlacoyalco	2795	7.08	4823	5.87	06:17:46	2000	4.89	4.77
PLWWBT	plw	Palawano, Brooke's Point	10737	6.78	12830	6.16	24:02:59	2000	5.21	5.10
PMFNTM	pmf	Bahasa Taa	13124	6.74	17524	6.30	35:08:22	2000	5.42	5.25
POBWYI	poh	Poqomchi Occidental	10185	6.80	15841	6.26	39:45:16	2000	5.18	5.07
POEWYI	poe	Ngiva, San Juan Atzingo	2641	7.29	5265	6.54	09:07:25	2000	5.54	5.42
POHBSG	poh	Pokomchi, Eastern	9649	7.22	14757	6.47	26:11:01	2000	5.30	5.20
POHPOC	poh	Pokomchi, Eastern	11067	6.19	12028	5.29	17:11:06	2000	4.75	4.61
POITBL	poi	Popoluca de la Sierra	7717	8.82	14903	7.95	21:23:44	2000	5.41	5.21
POLNCV	pol	Polski	4349	8.17	5138	7.68	09:28:16	2000	7.05	6.79
PORARA	por	Português	6796	7.79	9475	7.16	13:51:16	2000	5.63	5.56
PORARC	por	Português	6318	7.79	7755	7.63	13:17:50	2000	6.28	6.14
PORBSP	por	Português	5768	8.01	4019	8.15	09:58:03	2000	7.66	7.34
PORNLH	por	Português	7333	7.78	6867	7.90	13:22:49	2000	6.67	6.50
PPKLAI	ppk	Uma	16309	7.14	18287	6.67	27:46:37	2000	5.31	5.10
PRFWBT	prf	Paranan	11362	6.42	12776	6.02	21:02:22	2000	5.07	4.94
PRSGNN	prs	Dari	1093	8.15	6152	6.90	12:46:34	2000	6.26	6.03
PSELAI	pse	Serawai	12311	6.36	13325	6.57	23:49:11	2000	5.16	5.03
PTULAI	ptu	Bambam	13427	6.10	14796	5.78	22:05:13	2000	4.33	4.23
PUISMV	pui	Puinave	5089	5.68	13027	5.23	21:04:01	2000	4.60	4.50
PWWTBS	pww	Karen Pwo, Northern	4908	5.83	8259	5.53	23:17:26	2000	4.36	4.24
PXMBSM	pxm	Mixe Quetzaltepec	3511	7.11	13253	6.08	20:23:21	2000	5.02	4.91
QEJLLB	qvh	Quechua, Huamalies Dos de Mayo	6218	7.19	14789	6.17	21:40:44	2000	5.31	5.18
QU1LSM	quc	K'iche', Cunén	7318	7.13	12316	6.37	22:29:48	2000	5.34	5.24
QUBPBS	qub	Quechua, Huallaga	12286	7.29	13080	7.06	19:36:52	2000	5.56	5.34
QUCBLA	quc	Quiche	5644	7.16	12611	6.31	21:06:06	2000	5.38	5.27
QUFLLB	quf	Quechua, Lambayeque	13341	7.29	16693	6.87	27:46:09	2000	5.19	5.06
QUHRBV	quh	Quechua, South Bolivian	9734	6.98	15742	6.55	27:40:41	2000	5.53	5.40
QUHSBB	quh	Quechua, South Bolivian	3984	7.86	11372	6.96	20:02:08	2000	5.59	5.49
QUJPMC	quc	Quiche, Joyabaj	9271	7.73	17678	6.42	26:34:06	2000	5.14	5.05
QULSBB	qul	Quechua, North Bolivian	6706	7.48	13150	6.71	27:12:45	2000	5.49	5.38
QUPTBL	qup	Quechua, Southern Pastaza	17558	6.57	18950	6.13	35:55:09	2000	5.04	4.90
QUTIBS	quc	Quiche, West Central	3977	7.71	13650	7.12	23:34:08	2000	5.81	5.64
QUWHLE	quw	Quichua, Tena Lowland	11023	6.70	12406	6.25	18:28:05	2000	5.33	5.16
QUYSBU	quy	Quechua, Ayacucho	8737	7.35	10450	7.16	20:25:04	2000	5.65	5.46
QUZPBS	quz	Quechua, Cuzco	8486	7.10	11424	6.75	20:18:11	2000	5.27	5.19
QVCTBL	qvc	Quechua, Cajamarca	12809	7.79	10878	7.84	23:20:03	2000	6.87	6.63
QVMTBL	qvm	Quechua, Margos	10764	6.94	16226	6.08	25:05:49	2000	5.09	4.95
QVNLLB	qvn	Quechua, North Junin	13018	7.32	11926	7.31	24:06:37	2000	5.82	5.67
QVOVAA	qvo	Quichua, Napo Lowland	13124	6.57	12759	6.44	18:50:11	2000	5.28	5.14
QVSTBL	qvs	Quechua, San Martin	18421	6.94	17382	6.76	30:05:49	2000	5.45	5.19
QVWTBL	qvw	Quechua, Huaylla Wanca	8950	7.44	14390	6.70	23:25:07	2000	5.70	5.54
QVZWBT	qvz	Quichua, Northern Pastaza	14289	6.24	15073	6.08	27:10:32	2000	5.01	4.94
QWHLLB	qwh	Quechua, Huaylas	10872	7.26	11879	6.60	20:07:27	2000	4.96	4.79
QXHWBT	qxh	Quechua, Panao Huanuco	11588	7.89	9411	8.23	17:26:19	2000	7.12	6.90
QXLQSV	qxl	Quichua, Salasaka Highland	7242	6.00	12952	5.84	22:51:52	2000	4.81	4.70
QXNWBT	qxn	Quechua, Northern Conchucos Ancash	10377	6.26	13418	5.86	26:53:33	2000	4.79	4.70
QXOLLB	qxo	Quechua, Southern Conchucos Ancash	5952	6.96	15681	6.50	27:22:59	2000	5.30	5.19
QXRBSE	qxr	Quichua Cañar Highland	14833	5.79	16009	5.61	24:46:19	2000	4.46	4.37
RAVNLP	rav	Sampang	5417	6.55	4393	6.34	12:45:05	2000	5.74	5.57
REJLAI	rej	Rejang	12056	6.42	13039	6.25	20:41:17	2000	5.30	5.16
RIMBST	rim	Kinyaturu	4851	7.24	10985	6.73	23:27:40	2000	5.82	5.59
RMCWFW	rmc	Romani, East Slovak	5715	7.96	10369	6.87	14:17:51	2000	5.42	5.28
RMORAM	rmo	Romani, Sinti	15095	7.22	17995	6.61	21:18:23	2000	4.91	4.81
RMYCVV	rmy	Romane, Vlax	9551	7.17	8437	6.82	15:32:50	2000	5.58	5.44
RONBSR	ron	Român	366	7.97	3382	6.78	06:26:54	2000	5.91	5.73
RUGWBT	rug	Roviana	12038	5.82	13164	5.73	26:17:59	2000	4.72	4.66
RUNBSB	run	Kirundi	5220	8.26	4493	8.28	08:19:48	2000	7.53	7.20
RUSS76	rus	Русский	1531	6.74	11136	5.60	14:37:42	2000	4.77	4.66
SABWBT	sab	Buglere	12997	6.09	16057	5.80	45:58:13	2000	4.80	4.73
SAGCAR	sag	Sango	12392	7.30	14486	6.68	22:44:27	2000	5.24	5.09
SASLAI	sas	Sasak	503	6.86	8344	6.28	13:53:05	2000	5.43	5.26
SBANVV	sba	Ngambay	658	8.57	3417	7.49	06:20:22	2000	6.86	6.61
SBDABB	khi	San	2223	8.73	5769	8.33	10:55:19	2000	7.79	7.45
SBLTBL	xsb	Sambal, Botolan	13255	6.16	14688	5.98	27:26:56	2000	5.11	5.01
SDALAI	sda	Toraja	8247	6.33	12138	6.32	22:23:28	2000	5.18	5.11
SEHBSM	seh	Chisena	11626	7.15	13626	6.56	22:52:21	2000	5.05	4.96
SEYWBT	sey	Secoya	7668	6.16	15781	6.10	32:25:44	2000	4.99	4.84
SGBTBL	sgb	Ayta Mag-antsi	8955	6.91	10692	6.38	23:15:09	2000	5.50	5.37
SGWBSE	sgw	Gurage Chaha	495	7.21	7105	6.60	17:03:41	2000	5.95	5.72
SHIRBD	shi	تاشلحيت	8444	5.05	9711	4.96	16:11:02	2000	4.77	4.68
SHKBSS	shk	Shilluk	1468	7.89	5535	6.88	09:08:10	2000	5.98	5.68
SHPTBL	shp	Shipibo	10219	6.96	15268	6.46	27:06:01	2000	5.44	5.32
SIGWBT	sig	Paasaal	1351	8.39	4925	7.49	09:08:11	2000	7.03	6.69
SILGIL	sil	Sisaala, Tumulung	3115	8.79	12051	8.00	18:59:40	2000	6.89	6.57
SJATBL	sja	Epera pedee	5745	7.52	8226	7.27	15:04:40	2000	6.30	6.02
SLDTBL	sld	Sissala	839	8.37	11109	7.58	17:26:43	2000	5.98	5.72
SMLTBL	sml	Sinama	13702	6.90	14433	6.74	24:17:45	2000	5.49	5.38
SMOBSP	smo	Samoan	5755	7.19	11234	6.35	22:30:28	2000	5.56	5.42
SNNWBT	snn	Siona	3976	6.32	16708	5.91	32:41:37	2000	4.77	4.64
SNWWBT	snw	Selee	8529	6.92	13694	6.45	26:08:39	2000	5.49	5.30
SOMSIM	som	Somali	6432	8.45	6147	8.28	16:21:21	2000	7.38	7.12
SOYSIM	soy	Sola	3165	8.47	10299	7.19	14:43:10	2000	5.99	5.72
SPNBDA	spa	Español	10604	6.86	11190	6.21	16:35:14	2000	5.28	5.12
SPNDHH	spa	Español	7990	7.96	7767	7.91	15:17:59	2000	6.94	6.68
SPNNVI	spa	Español	5599	8.12	4134	7.83	07:19:10	2000	7.44	7.09
SPNR95	spa	Español	6692	8.01	5294	7.86	09:32:08	2000	6.88	6.66
SPNWTC	spa	Español	10272	7.59	10293	6.74	15:18:41	2000	5.52	5.34
SPPTBL	spp	Supyire	4033	8.46	6680	8.26	14:43:44	2000	7.94	7.59
SPYWBT	spy	Sabaot	2859	8.01	5565	8.06	14:17:43	2000	7.62	7.29
SRIWBT	sri	Siriano	4954	7.27	8611	7.26	15:42:59	2000	6.44	6.15
SRMWBT	srm	Saramaccan	279	8.71	995	7.43	01:07:15	847	7.09	6.77
SRNBSS	srn	Sranan Tongo	11565	7.89	12708	7.60	18:08:57	2000	6.29	6.04
STNBSP	stn	Owa	10021	6.52	11364	6.30	26:51:35	2000	5.32	5.19
SUACLV	sua	Kisukuma	7785	7.39	9239	6.81	15:15:52	2000	5.60	5.45
SUNIBS	sun	Sundanese	11258	7.75	12964	6.88	19:51:56	2000	5.79	5.60
SURIBS	sur	Mwaghavul	2380	8.06	9602	7.09	16:46:51	2000	5.81	5.61
SUSPBT	sus	Susu	6243	8.01	5517	8.15	11:37:37	2000	7.32	7.02
SUZWBT	suz	Sunuwar	6693	6.67	3090	6.64	09:59:03	2000	6.34	6.12
SWESFB	swe	Svenska	6491	7.87	10126	6.90	15:54:31	2000	5.72	5.48
SWESFV	swe	Svenska	5984	7.06	11197	6.12	16:45:31	2000	5.15	4.97
SXNLAI	sxn	Sangir	3703	7.18	13625	7.65	32:09:05	2000	6.00	5.79
TAJWBT	taj	Tamang, Eastern	4750	6.69	6315	6.13	17:24:08	2000	5.70	5.51
TAQWBT	taq	Tamasheq	2050	7.58	10207	7.11	17:57:08	2000	5.92	5.75
TBYLAI	tby	Tabaru	12711	6.06	14069	5.66	24:52:12	2000	4.70	4.56
TBZBSB	tbz	Ditammari	587	8.64	4182	7.68	06:18:38	2000	6.61	6.33
TCATBL	tca	Ticuna	1169	6.81	4577	6.62	09:37:00	2000	5.93	5.78
TCCBST	tcc	Datooga	7664	7.41	9728	6.92	19:56:57	2000	5.89	5.73
TCVWTC	tam	தமிழ்	2043	7.03	6368	6.62	21:14:05	2000	6.01	5.85
TCWWTC	tel	Telugu	7190	8.66	4789	9.05	14:46:06	2000	8.26	7.95
TEMBSL	tem	Themne	1950	7.96	6790	7.17	12:41:42	2000	6.65	6.34
TEOBSU	teo	Ateso	7745	7.70	10277	7.09	17:33:58	2000	5.86	5.72
TERTBL	ter	Terena	10155	7.13	15583	6.49	35:14:21	2000	5.02	4.92
TFRWBT	tfr	Teribe	1974	7.40	9821	6.63	16:05:41	2000	5.39	5.26
TGKIBT	tgk	Tajik	900	7.32	2652	6.78	04:49:43	2000	6.28	6.04
TGLPBS	tgl	Tagalog	10595	6.83	10335	6.51	19:28:06	2000	5.43	5.28
TGOTBL	tgo	Sudest	7568	6.41	9901	6.12	20:33:27	2000	5.00	4.88
TGPWBT	tgp	Tangoa	5269	6.97	5034	7.09	12:39:57	2000	6.62	6.53
THATSV	tha	ภาษาไทย	1191	6.98	6491	6.73	15:35:19	2000	5.95	5.76
THKBTL	thk	Tharaka	8511	8.17	8630	7.79	17:12:30	2000	6.77	6.47
TIKWYI	tik	Tikar	3178	8.03	7915	7.78	14:07:36	2000	6.38	6.17
TIRUBS	tir	Tigrinya	3148	6.61	4063	6.61	13:07:58	2000	6.61	6.44
TLBLAI	tlb	Tobelo	9833	7.18	14157	6.62	30:08:43	2000	5.57	5.39
TLJWBT	tlj	Lubwisi	7240	7.31	12004	6.55	24:30:24	2000	5.46	5.23
TMCBIV	tmc	Tumak	1833	8.18	12291	6.57	20:57:33	2000	5.42	5.17
TNATBL	tna	Tacana	14533	7.04	14126	6.61	22:51:59	2000	4.92	4.81
TOBBSA	tob	Toba Qom	8639	7.22	11804	6.22	26:09:26	2000	5.22	5.11
TOCTBL	toc	Totonaco de Coyutla	4985	7.05	6640	6.63	19:54:23	2000	5.35	5.22
TOHSBM	toh	Gitonga	10028	7.36	12080	6.85	21:49:02	2000	5.49	5.36
TOSTBL	tos	Totonaco de la Sierra	5085	6.62	10490	6.41	32:57:15	2000	5.36	5.27
TPIPNG	tpi	Tok Pisin	13185	6.66	15168	6.15	24:18:43	2000	4.87	4.75
TPMWBT	tpm	Tampulma	9007	7.82	9280	7.09	13:58:37	2000	5.86	5.66
TPPTBL	tpp	Tepehua Pisaflores	10726	6.19	12748	5.72	24:41:46	2000	4.81	4.72
TPTTBL	tpt	Tepehua Tlachichilco	12288	7.09	11946	6.93	21:15:48	2000	5.23	5.09
TRKBST	tur	Türkçe	2886	8.20	7097	7.81	13:20:31	2000	6.81	6.50
TRKWTC	tur	Türkçe	3973	8.47	4926	8.59	08:58:57	2000	8.22	7.90
TRSUTI	trs	Triqui Chicahuaxtla	2068	7.05	5272	6.00	11:43:26	2000	5.22	5.05
TS1BSM	tso	Tsonga	11409	6.08	13262	5.24	20:47:10	2000	4.49	4.39
TSZBSM	tsz	Purepecha	5346	7.77	4271	8.00	10:32:10	2000	7.29	6.99
TTCWBT	ttc	Tektiteko	9443	6.24	11976	6.04	26:06:02	2000	5.08	4.98
TTRIBT	tat	Tatar	444	8.07	2736	7.43	05:07:10	2000	7.03	6.82
TU1TBL	tuo	Tukano	3706	8.13	11281	7.69	15:59:20	2000	5.89	5.69
TUEWBT	tue	Tuyuca	5052	7.75	7600	7.57	12:51:05	2000	7.14	6.93
TUFWYI	tuf	U'wa	22443	7.19	27386	6.71	34:25:29	2000	5.05	4.97
TUOWBT	tuo	Tucano	6742	7.54	15698	7.58	25:54:06	2000	6.30	6.06
TWBOMF	twb	Tawbuid	11857	6.17	12757	5.98	22:55:05	2000	5.16	4.98
TWULAI	twu	Rote	13706	6.05	14095	6.13	30:02:32	2000	4.95	4.80
TXATBL	txa	Tombonuo	9036	7.96	12114	7.19	25:25:36	2000	6.12	5.96
TXUTBL	txu	Kayapo	7559	7.90	20829	7.70	30:51:29	2000	5.87	5.64
TYVIBT	tyv	Tuvin	371	7.70	818	6.25	01:31:57	696	6.03	5.79
TZBSBM	tzh	Tzeltal, Bachajon	11014	6.55	12774	6.05	20:48:02	2000	5.18	5.10
TZCSBM	tzo	Tzotzil, Chamula	11459	6.83	14705	6.24	24:30:22	2000	5.10	5.02
TZESBM	tzo	Tzotzil, Chenalho	13097	7.47	14967	7.09	22:21:49	2000	5.63	5.36
TZHSBM	tzh	Tzeltal, Oxchuc	11171	7.30	14918	6.53	23:17:05	2000	5.12	5.01
TZTWBT	tzj	Tzutujil, Western	6410	7.35	15018	6.75	32:18:46	2000	5.50	5.35
UDMIBT	udm	Udmurt	1846	7.56	9968	5.90	15:31:45	2000	5.20	5.06
UDUSIM	udu	Uduk	8341	7.19	12825	6.85	30:26:22	2000	5.66	5.51
UI1UMK	uig	Уйғурчә	3917	7.39	6850	6.24	13:10:52	2000	5.37	5.27
URATBL	ura	Urarina	10207	6.54	13525	6.22	30:12:15	2000	4.92	4.78
URBWBT	urb	Ka’apor	38362	6.77	24008	7.25	31:03:01	2000	4.67	4.50
URDWTC	urd	Urdu	1522	7.30	6614	6.62	19:09:57	2000	6.13	5.93
URYAOV	ury	Orya	12249	6.38	16609	5.72	27:33:35	2000	4.96	4.85
VIEVOV	vie	Tiếng Việt	1674	8.05	6714	6.61	09:10:12	2000	5.80	5.63
VMWBSM	vmw	Makhuwa	10978	7.34	12191	6.83	20:58:31	2000	5.59	5.39
VUNBST	vun	Kivunjo	8995	7.16	10661	6.52	18:30:32	2000	5.58	5.46
WMWWYI	wmw	Mwani	12870	6.56	13402	6.50	22:11:45	2000	5.39	5.23
XALIBT	xal	Kalmyk-Oirat	922	7.79	4460	6.90	09:26:57	2000	6.19	5.96
XEDWYI	xed	Hdi	6403	8.06	10801	7.49	20:43:24	2000	5.72	5.50
XMMLAI	xmm	Manadonese Malay	12639	5.52	13987	5.20	24:40:53	2000	3.91	3.83
XO2IBS	xon	Konkomba, Likpakpaaln	9977	7.95	10804	7.75	17:39:14	2000	6.57	6.25
XOGBSU	xog	Lusoga	9281	7.06	9360	6.88	18:03:33	2000	5.64	5.41
XRBWBT	xrb	Karaboro	7405	8.35	11660	8.06	22:12:01	2000	7.07	6.72
XSBWYI	xsb	Sambali	11516	6.22	12420	6.04	26:19:45	2000	5.20	5.09
XSMBFV	xsm	Kasem	1378	8.46	10631	7.67	16:37:01	2000	6.68	6.46
XSMWBT	xsm	Kasem	3551	9.56	5183	8.92	10:45:54	2000	7.88	7.53
XSRWBT	xsr	Sherpa	3242	7.24	1550	7.42	07:12:14	1318	7.25	7.05
XSUMEV	xsu	Sanumá	8252	7.17	16139	6.59	34:12:38	2000	5.44	5.26
XTDTBL	xtd	Mixtec Diuxi-Tilantongo	16476	6.33	17617	6.45	30:30:37	2000	5.36	5.16
XTMTBL	xtm	Mixtec, Magdalena Peñasco	10741	6.17	12915	5.61	25:40:14	2000	4.77	4.64
XUOWBT	xuo	Kuo	4250	7.84	12620	6.72	23:18:00	2000	5.55	5.29
YAZTBL	yaz	Lokaa	2286	7.90	6769	6.60	17:23:32	2000	6.09	5.85
YCLNVS	ycl	Elo	12373	8.47	14497	7.22	25:54:33	2000	5.75	5.61
YUASBM	yua	Maya, Yucatan	6992	7.76	11498	7.03	20:23:29	2000	5.76	5.60
YUHSBV	yue	廣東話	2561	7.99	3372	7.99	14:06:43	2000	7.60	7.39
ZLMAVB	may	Malay	11043	6.38	12132	6.03	19:12:31	2000	5.03	4.94
ZLMAVB	msa	Malay	11043	6.38	12132	6.03	19:12:31	2000	5.03	4.94
ZYPWBT	zyp	Zyphe	8277	7.27	7416	7.22	19:37:22	2000	6.46	6.36